{
    "Abyssal": {
        "worldX": -1192.757836772007,
        "worldY": -7019.12100575815
    },
    "Azure": {
        "worldX": 3047.921579714083,
        "worldY": 3277.196971337845
    },
    "Azynthi": {
        "worldX": 9133.776702703375,
        "worldY": -601.2610246665522
    },
    "AzynthiClear": {
        "worldX": 8117.287912822824,
        "worldY": -601.8995244914313
    },
    "Blight": {
        "worldX": 9090.129926033967,
        "worldY": -5552.451113991031
    },
    "BloomingSepulcher": {
        "worldX": 329.49171382743816,
        "worldY": 617.1308783345322
    },
    "Bonepits": {
        "worldX": -4825.959567041465,
        "worldY": 4005.9796877483927
    },
    "Brake": {
        "worldX": -1667.3762420010962,
        "worldY": 3925.241002053388
    },
    "Braxonia": {
        "worldX": 4288.818645410462,
        "worldY": -8267.287692502072
    },
    "Braxonian": {
        "worldX": 4593.14268659021,
        "worldY": -5428.193324213285
    },
    "Duskenlight": {
        "worldX": -8564.540666604327,
        "worldY": 1284.7525142847742
    },
    "DuskenPortal": {
        "worldX": -8824.996492390956,
        "worldY": 1656.363555610257
    },
    "Elderstone": {
        "worldX": 2372.976814771849,
        "worldY": -1893.4885034506442
    },
    "FernallaField": {
        "worldX": -2590.846021586344,
        "worldY": 1660.958719621773
    },
    "FernallaPortal": {
        "worldX": -2696.66748449256,
        "worldY": 408.0715703053818
    },
    "Hidden": {
        "worldX": -5649.502108725196,
        "worldY": 4383.773998731626
    },
    "Jaws": {
        "worldX": -5470.8840368083675,
        "worldY": 477.6704396857858
    },
    "Krakengard": {
        "worldX": 269.1308194164096,
        "worldY": 5089.5950607901905
    },
    "Loomingwood": {
        "worldX": -5606.337443040364,
        "worldY": -5389.484318273814
    },
    "Malaroth": {
        "worldX": -6840.859572831913,
        "worldY": -4292.629464225765
    },
    "PrielPlateau": {
        "worldX": -4941.940109449064,
        "worldY": -1470.9118327113865
    },
    "Ripper": {
        "worldX": -5263.681930264196,
        "worldY": -7178.031872967031
    },
    "RipperPortal": {
        "worldX": -6524.607215203139,
        "worldY": -7964.174044324689
    },
    "Rockshade": {
        "worldX": -5521.00172795313,
        "worldY": -3348.701341232336
    },
    "Rottenfoot": {
        "worldX": -602.4985863880593,
        "worldY": -2396.281422699596
    },
    "SaltedStrand": {
        "worldX": 3880.732050208827,
        "worldY": 738.3773260387356
    },
    "Silkengrass": {
        "worldX": -1631.9948292840681,
        "worldY": -4738.621448157838
    },
    "Soluna": {
        "worldX": -8563.033092002992,
        "worldY": -5306.4999565351745
    },
    "Stowaway": {
        "worldX": -8363.755214068558,
        "worldY": 6808.355823416162
    },
    "ShiveringStep": {
        "worldX": -7412.563267260943,
        "worldY": 6767.400902607647
    },
    "SummerEvent": {
        "worldX": 6546.39860426938,
        "worldY": 2871.140207197118
    },
    "Tutorial": {
        "worldX": -7820.46378615883,
        "worldY": 8020.808595096545
    },
    "Undercity": {
        "worldX": 3470.768721906861,
        "worldY": 3702.2744825267378
    },
    "Underspine": {
        "worldX": -5084.902022867356,
        "worldY": 2148.764710108824
    },
    "Vitheo": {
        "worldX": 1181.369527369726,
        "worldY": 4717.5614947165295
    },
    "VitheosEnd": {
        "worldX": 1623.5724284368193,
        "worldY": 2463.4364118366475
    },
    "Windwashed": {
        "worldX": -4839.625485362725,
        "worldY": -2980.558543888184
    },
    "Willowwatch": {
        "worldX": -3211.086193999541,
        "worldY": 2120.693068861501
    }
}
